{"cameraMode":{"drawMode":0,"name":"Shaded","section":"Shading Mode"},"sceneLighting":false,"audioPlay":false,"sceneViewState":{"m_AlwaysRefresh":false,"showFog":true,"showSkybox":false,"showFlares":true,"showImageEffects":true,"showParticleSystems":true,"showVisualEffectGraphs":true,"m_FxEnabled":true},"in2DMode":false,"pivot":{"x":-0.000057499855756759644,"y":2.0000224113464357,"z":-0.2307174950838089},"rotation":{"x":-0.047412361949682239,"y":0.4389355480670929,"z":-0.02320108376443386,"w":-0.8969636559486389},"size":0.2642994225025177,"orthographic":false}